date,code,open,high,low,close,preclose,volume,amount,adjustflag,turn,tradestatus,pctChg,isST
2018/1/2,sh.600004,14.73,14.85,14.59,14.8,14.7,13127900,193508326,3,0.634406,1,0.680275,0
2018/1/3,sh.600004,14.84,14.84,14.65,14.8,14.8,15046954,222055580,3,0.727145,1,0,0
2018/1/4,sh.600004,14.75,14.78,14.54,14.62,14.8,18563569,271737272,3,0.897085,1,-1.216218,0
2018/1/5,sh.600004,14.6,14.67,14.48,14.57,14.62,11979532,174297478,3,0.578911,1,-0.341999,0
2018/1/8,sh.600004,14.68,14.69,14.41,14.5,14.57,16492258,239516323,3,0.796989,1,-0.480437,0
2018/1/9,sh.600004,14.46,15.03,14.37,15.02,14.5,21186005,312458529,3,1.023815,1,3.58621,0
2018/1/10,sh.600004,15.02,15.02,14.71,14.85,15.02,17674001,262194308,3,0.854097,1,-1.131825,0
2018/1/11,sh.600004,14.68,14.93,14.68,14.69,14.85,10981364,162262894,3,0.530675,1,-1.077446,0
2018/1/12,sh.600004,14.68,15.03,14.64,14.95,14.69,17402475,258716172,3,0.840975,1,1.769913,0
2018/1/15,sh.600004,14.9,15.59,14.83,15.4,14.95,33936533,520366317,3,1.639984,1,3.010032,0
2018/1/16,sh.600004,15.32,15.87,15.32,15.83,15.4,29974451,469740225,3,1.448517,1,2.79221,0
2018/1/17,sh.600004,15.8,15.9,15.38,15.68,15.83,18631368,290662786,3,0.900362,1,-0.947565,0
2018/1/18,sh.600004,15.6,16.08,15.56,15.86,15.68,15433621,244845462,3,0.74583,1,1.147955,0
2018/1/19,sh.600004,15.86,16.05,15.63,15.76,15.86,14899530,236123314,3,0.72002,1,-0.630513,0
2018/1/22,sh.600004,15.77,16,15.52,15.96,15.76,13056478,205710388,3,0.630955,1,1.269034,0
2018/1/23,sh.600004,15.9,16.55,15.9,16.49,15.96,19417939,317270193,3,0.938373,1,3.3208,0
2018/1/24,sh.600004,16.36,16.8,16.26,16.75,16.49,21905059,362896205,3,1.058563,1,1.576715,0
2018/1/25,sh.600004,16.66,16.66,16.18,16.44,16.75,15224843,250022134,3,0.735741,1,-1.850743,0
2018/1/26,sh.600004,16.49,16.66,16.27,16.53,16.44,11883909,195677853,3,0.57429,1,0.547446,0
2018/1/29,sh.600004,16.52,16.64,16.17,16.48,16.53,19815000,324558161,3,0.957561,1,-0.302487,0
2018/1/30,sh.600004,16.35,16.69,16.23,16.62,16.48,15204022,251955286,3,0.734735,1,0.849522,0
2018/1/31,sh.600004,16.41,17,16.29,16.9,16.62,16252045,271772664,3,0.785381,1,1.68471,0
2018/2/1,sh.600004,16.98,17.25,16.55,16.77,16.9,18814840,318455014,3,0.909228,1,-0.769226,0
2018/2/2,sh.600004,16.58,17.3,16.09,17.22,16.77,20182601,337333239,3,0.975325,1,2.683356,0
2018/2/5,sh.600004,16.78,17.41,16.6,17.15,17.22,23345851,397108324,3,1.128189,1,-0.406502,0
2018/2/6,sh.600004,16.55,16.88,16.17,16.2,17.15,29526124,484236643,3,1.426851,1,-5.539352,0
2018/2/7,sh.600004,16.57,16.63,15.31,15.49,16.2,25909388,411557112,3,1.252072,1,-4.382722,0
2018/2/8,sh.600004,15.5,15.79,15.1,15.37,15.49,15033867,231487876,3,0.726512,1,-0.774693,0
2018/2/9,sh.600004,14.9,15.06,14,14.9,15.37,36118023,531786995,3,1.745405,1,-3.057907,0
2018/2/12,sh.600004,14.9,15.48,14.83,15.32,14.9,12120357,184193683,3,0.585717,1,2.818793,0
2018/2/13,sh.600004,15.45,16.09,15.45,15.61,15.32,13573885,214452309,3,0.655959,1,1.89295,0
2018/2/14,sh.600004,15.79,16.09,15.48,15.93,15.61,10124497,160323910,3,0.489267,1,2.049972,0
2018/2/22,sh.600004,16.15,16.67,16.04,16.58,15.93,10427022,171275489,3,0.503886,1,4.080349,0
2018/2/23,sh.600004,16.65,16.65,16.21,16.49,16.58,9203697,151012543,3,0.444769,1,-0.542824,0
2018/2/26,sh.600004,16.48,17.15,16.47,17,16.49,14437622,244010865,3,0.697699,1,3.092785,0
2018/2/27,sh.600004,17.05,17.17,16.6,16.65,17,8544690,143501260,3,0.412923,1,-2.058826,0
2018/2/28,sh.600004,16.6,16.6,16.19,16.37,16.65,10039075,164408151,3,0.485139,1,-1.681674,0
2018/3/1,sh.600004,16.3,16.52,16.24,16.36,16.37,5939912,97434465,3,0.287046,1,-0.061089,0
2018/3/2,sh.600004,16.29,16.36,16.05,16.19,16.36,6348477,102907705,3,0.30679,1,-1.03912,0
2018/3/5,sh.600004,16.12,16.41,16.11,16.17,16.19,5713811,92837108,3,0.27612,1,-0.123536,0
2018/3/6,sh.600004,16.3,16.33,15.73,16.31,16.17,9920998,159088452,3,0.479433,1,0.865797,0
2018/3/7,sh.600004,16.32,16.35,15.88,15.97,16.31,7125420,114876216,3,0.344336,1,-2.084606,0
2018/3/8,sh.600004,16.02,16.17,15.9,16.15,15.97,5373444,86146194,3,0.259672,1,1.127109,0
2018/3/9,sh.600004,16.17,16.43,16.15,16.3,16.15,8153400,132800621,3,0.394013,1,0.92879,0
2018/3/12,sh.600004,16.29,16.57,16.26,16.5,16.3,10818460,178065821,3,0.522803,1,1.226999,0
2018/3/13,sh.600004,16.45,16.58,16.1,16.13,16.5,8581168,139807564,3,0.414685,1,-2.242429,0
2018/3/14,sh.600004,16.14,16.14,15.85,15.94,16.13,6317731,100719763,3,0.305305,1,-1.177927,0
2018/3/15,sh.600004,15.91,16.15,15.87,15.99,15.94,4955745,79244962,3,0.239487,1,0.313677,0
2018/3/16,sh.600004,16,16.2,15.9,15.93,15.99,3977509,63719814,3,0.192213,1,-0.375231,0
2018/3/19,sh.600004,15.9,15.9,15.7,15.82,15.93,5517563,87126243,3,0.266636,1,-0.690525,0
2018/3/20,sh.600004,15.72,15.95,15.7,15.87,15.82,4136883,65497943,3,0.199915,1,0.316057,0
2018/3/21,sh.600004,15.87,15.99,15.81,15.83,15.87,5396018,85828469,3,0.260763,1,-0.252048,0
2018/3/22,sh.600004,15.83,15.93,15.45,15.54,15.83,9583178,149391543,3,0.463107,1,-1.831964,0
2018/3/23,sh.600004,15.01,15.38,14.88,15.23,15.54,12757897,193592668,3,0.616526,1,-1.994855,0
2018/3/26,sh.600004,15.18,15.38,14.92,15.23,15.23,10683027,161363420,3,0.516258,1,0,0
2018/3/27,sh.600004,15.36,15.73,15.36,15.61,15.23,9583308,149324771,3,0.463114,1,2.495076,0
2018/3/28,sh.600004,15.4,15.68,14.99,15.06,15.61,12360697,188992183,3,0.597331,1,-3.523378,0
2018/3/29,sh.600004,15.08,15.5,14.82,15.43,15.06,10386270,157893131,3,0.501917,1,2.456838,0
2018/3/30,sh.600004,15.43,15.77,15.35,15.64,15.43,7111866,110773488,3,0.343681,1,1.360985,0
2018/4/2,sh.600004,15.61,15.68,15.2,15.24,15.64,6476907,100053095,3,0.312997,1,-2.557548,0
2018/4/3,sh.600004,15.04,15.48,15.02,15.47,15.24,7213492,110248551,3,0.348592,1,1.50919,0
2018/4/4,sh.600004,15.47,15.65,15.42,15.46,15.47,9014096,140306467,3,0.435607,1,-0.064643,0
2018/4/9,sh.600004,15.43,15.64,15.31,15.63,15.46,6797947,105670893,3,0.328511,1,1.099612,0
2018/4/10,sh.600004,15.72,16.09,15.63,16.02,15.63,12501555,199183786,3,0.604138,1,2.495204,0
2018/4/11,sh.600004,16.04,16.34,16.04,16.22,16.02,8091388,131052612,3,0.391017,1,1.248432,0
2018/4/12,sh.600004,16.2,16.34,16.09,16.26,16.22,9471382,153421418,3,0.457705,1,0.246615,0
2018/4/13,sh.600004,16.27,16.4,15.78,15.88,16.26,8533422,136843965,3,0.412378,1,-2.337024,0
2018/4/16,sh.600004,15.84,16.1,15.43,15.64,15.88,8678436,136381619,3,0.419386,1,-1.511334,0
2018/4/17,sh.600004,15.63,15.74,15.15,15.19,15.64,9924498,152980837,3,0.479602,1,-2.877243,0
2018/4/18,sh.600004,15.34,15.4,14.9,15.22,15.19,10875651,164229578,3,0.525566,1,0.197503,0
2018/4/19,sh.600004,15.23,15.44,15.03,15.4,15.22,6337422,96992410,3,0.306256,1,1.18265,0
2018/4/20,sh.600004,15.43,15.45,15.1,15.23,15.4,7355295,112319838,3,0.355445,1,-1.103897,0
2018/4/23,sh.600004,15.25,15.34,14.74,14.83,15.23,11594541,173696913,3,0.560307,1,-2.626393,0
2018/4/24,sh.600004,14.84,15.32,14.84,15.18,14.83,10568021,159726058,3,0.5107,1,2.360084,0
2018/4/25,sh.600004,15.2,15.34,15.11,15.29,15.18,7213335,109963103,3,0.348585,1,0.724635,0
2018/4/26,sh.600004,15.3,15.35,14.98,15.13,15.29,6072588,91795821,3,0.293458,1,-1.046435,0
2018/4/27,sh.600004,15.2,15.27,14.89,15.22,15.13,6985788,105378757,3,0.337588,1,0.594846,0
2018/5/2,sh.600004,15.23,15.43,15.05,15.39,15.22,8094412,123385176,3,0.391163,1,1.116952,0
2018/5/3,sh.600004,15.33,15.36,15.07,15.29,15.39,7160056,109111154,3,0.34601,1,-0.649775,0
2018/5/4,sh.600004,15.23,15.33,15.04,15.1,15.29,6459884,98043215,3,0.312174,1,-1.24264,0
2018/5/7,sh.600004,15.22,15.4,15.06,15.35,15.1,7909537,120724917,3,0.382229,1,1.655629,0
2018/5/8,sh.600004,15.39,15.77,15.38,15.76,15.35,12410996,193415833,3,0.599762,1,2.671009,0
2018/5/9,sh.600004,15.86,15.9,15.63,15.83,15.76,10179742,160435549,3,0.491936,1,0.444161,0
2018/5/10,sh.600004,15.85,16.33,15.85,16.25,15.83,13823910,222425819,3,0.668041,1,2.653191,0
2018/5/11,sh.600004,16.29,16.38,16.04,16.24,16.25,9804921,159032913,3,0.473823,1,-0.06154,0
2018/5/14,sh.600004,16.22,16.38,15.84,16.05,16.24,14552064,233573098,3,0.703229,1,-1.169954,0
2018/5/15,sh.600004,16.05,16.1,15.83,16.08,16.05,10436016,166659516,3,0.504321,1,0.18692,0
2018/5/16,sh.600004,16,16.17,15.9,15.95,16.08,9208918,147584804,3,0.445021,1,-0.808458,0
2018/5/17,sh.600004,15.94,16.13,15.92,16.01,15.95,7712410,123707103,3,0.372703,1,0.376178,0
2018/5/18,sh.600004,15.95,16.06,15.74,16,16.01,7697640,122294288,3,0.371989,1,-0.062462,0
2018/5/21,sh.600004,16.19,16.35,16.04,16.13,16,10001106,162124722,3,0.483304,1,0.812495,0
2018/5/22,sh.600004,16.18,16.2,15.96,15.98,16.13,5907950,94872898,3,0.285502,1,-0.929942,0
2018/5/23,sh.600004,16.03,16.06,15.61,15.62,15.98,11428930,180180257,3,0.552304,1,-2.252814,0
2018/5/24,sh.600004,15.62,15.73,15.53,15.55,15.62,6805532,106348263,3,0.328878,1,-0.448141,0
2018/5/25,sh.600004,15.59,15.65,15.25,15.4,15.55,11218296,173285341,3,0.542125,1,-0.964634,0
2018/5/28,sh.600004,15.45,15.89,15.35,15.88,15.4,11865296,185993931,3,0.573391,1,3.116887,0
2018/5/29,sh.600004,15.83,16.1,15.67,16.04,15.88,15653399,249699730,3,0.756451,1,1.007562,0
2018/5/30,sh.600004,15.88,16.17,15.72,15.86,16.04,13182173,209967462,3,0.637029,1,-1.122202,0
2018/5/31,sh.600004,15.96,16.66,15.91,16.62,15.86,28507493,465006963,3,1.377626,1,4.791937,0
2018/6/1,sh.600004,16.52,16.72,16.28,16.56,16.62,17187486,283441826,3,0.830586,1,-0.361019,0
2018/6/4,sh.600004,16.63,17.11,16.62,17.09,16.56,27746285,469179116,3,1.34084,1,3.200487,0
2018/6/5,sh.600004,17.15,17.5,17,17.34,17.09,17953255,310446283,3,0.867592,1,1.462844,0
2018/6/6,sh.600004,17.36,18.25,17.23,17.94,17.34,21760012,388037721,3,1.051553,1,3.46021,0
2018/6/7,sh.600004,17.94,18.09,17.5,17.78,17.94,16971877,301120403,3,0.820167,1,-0.891861,0
2018/6/8,sh.600004,17.63,18.18,17.58,17.92,17.78,14414530,256880436,3,0.696583,1,0.787398,0
2018/6/11,sh.600004,17.76,17.98,17.55,17.69,17.92,10016082,177772035,3,0.484028,1,-1.28348,0
2018/6/12,sh.600004,17.72,18.87,17.7,18.78,17.69,23069265,426146526,3,1.114823,1,6.161674,0
2018/6/13,sh.600004,18.51,18.77,18.44,18.62,18.78,17435073,324954579,3,0.842551,1,-0.851969,0
2018/6/14,sh.600004,18.55,18.72,18.36,18.45,18.62,15158607,280047942,3,0.73254,1,-0.912997,0
2018/6/15,sh.600004,18.45,18.69,18.1,18.48,18.45,9937148,182435663,3,0.480213,1,0.162595,0
2018/6/19,sh.600004,16.63,16.63,16.63,16.63,18.48,8716700,144958721,3,0.421235,1,-10.01083,0
2018/6/20,sh.600004,14.97,14.97,14.97,14.97,16.63,18874200,282546774,3,0.912097,1,-9.981955,0
2018/6/21,sh.600004,14.5,15.14,14.5,14.82,14.97,100450354,1491046027,3,4.854268,1,-1.002008,0
2018/6/22,sh.600004,14.26,14.64,14.03,14.22,14.82,52171964,744277816,3,2.521212,1,-4.048579,0
2018/6/25,sh.600004,14.27,14.42,14.05,14.21,14.22,28744848,409521243,3,1.389096,1,-0.070325,0
2018/6/26,sh.600004,14.11,14.25,13.92,14.08,14.21,19480698,273868707,3,0.941406,1,-0.914849,0
2018/6/27,sh.600004,14.08,14.3,13.6,13.61,14.08,19568457,273367314,3,0.945646,1,-3.33807,0
2018/6/28,sh.600004,13.47,13.49,12.4,12.59,13.61,53828181,696810961,3,2.601249,1,-7.494486,0
2018/6/29,sh.600004,12.74,13.24,12.66,13.09,12.59,28146764,364676598,3,1.360194,1,3.971406,0
2018/7/2,sh.600004,13.05,13.3,12.73,12.8,13.09,14340171,187753260,3,0.692989,1,-2.215431,0
2018/7/3,sh.600004,13,13.45,12.77,13.38,12.8,26704991,351108306,3,1.29052,1,4.53125,0
2018/7/4,sh.600004,13.3,13.44,13.11,13.26,13.38,18434245,243983357,3,0.890836,1,-0.89686,0
2018/7/5,sh.600004,13.2,13.33,12.86,12.93,13.26,14684639,191022717,3,0.709636,1,-2.488687,0
2018/7/6,sh.600004,12.95,13.44,12.82,13.27,12.93,15927074,209779264,3,0.769677,1,2.629545,0
2018/7/9,sh.600004,13.3,14.1,13.21,13.95,13.27,15306820,210136767,3,0.739703,1,5.124336,0
2018/7/10,sh.600004,13.99,14.65,13.99,14.28,13.95,20118802,288482995,3,0.972242,1,2.365591,0
2018/7/11,sh.600004,14.13,14.3,13.91,14.21,14.28,13555191,190476692,3,0.655055,1,-0.490194,0
2018/7/12,sh.600004,14.15,14.65,14.15,14.47,14.21,10706121,154860974,3,0.517374,1,1.829699,0
2018/7/13,sh.600004,14.33,14.58,14.1,14.29,14.23,13248257,189570543,3,0.640223,1,0.421647,0
2018/7/16,sh.600004,14.33,14.65,14.18,14.41,14.29,9579094,138476890,3,0.46291,1,0.839747,0
2018/7/17,sh.600004,14.3,14.5,14.17,14.29,14.41,10606705,151303475,3,0.512569,1,-0.832754,0
2018/7/18,sh.600004,14.27,14.63,14.16,14.28,14.29,11766376,169574967,3,0.568611,1,-0.069981,0
2018/7/19,sh.600004,14.29,14.33,13.97,14.17,14.28,11512674,162595376,3,0.55635,1,-0.770306,0
2018/7/20,sh.600004,14.15,14.31,13.95,14.29,14.17,8397087,119112533,3,0.40579,1,0.846859,0
2018/7/23,sh.600004,14.2,14.55,14.2,14.28,14.29,9218536,132500498,3,0.445486,1,-0.069981,0
2018/7/24,sh.600004,14.28,14.84,14.27,14.66,14.28,13774667,200108602,3,0.665661,1,2.661065,0
2018/7/25,sh.600004,14.6,14.62,14.36,14.38,14.66,10555414,152475822,3,0.510091,1,-1.909957,0
2018/7/26,sh.600004,14.44,14.47,14.12,14.13,14.38,7764493,110904052,3,0.375219,1,-1.738526,0
2018/7/27,sh.600004,14.1,14.25,13.99,14.12,14.13,6445642,90950257,3,0.311486,1,-0.070773,0
2018/7/30,sh.600004,14.12,14.19,13.6,13.73,14.12,9516611,131645164,3,0.459891,1,-2.762042,0
2018/7/31,sh.600004,13.7,13.98,13.7,13.87,13.73,6357594,88229394,3,0.307231,1,1.019668,0
2018/8/1,sh.600004,13.91,14.46,13.91,14.16,13.87,11854452,169131876,3,0.572867,1,2.090843,0
2018/8/2,sh.600004,14.1,14.25,13.67,13.8,14.16,8665368,120280837,3,0.418754,1,-2.542371,0
2018/8/3,sh.600004,13.8,13.86,13.04,13.24,13.8,11331969,151333006,3,0.547618,1,-4.057974,0
2018/8/6,sh.600004,13.19,13.29,12.9,13.09,13.24,9734885,128201163,3,0.470439,1,-1.132928,0
2018/8/7,sh.600004,13.16,13.55,12.9,13.52,13.09,9175648,122360623,3,0.443414,1,3.284953,0
2018/8/8,sh.600004,13.45,13.52,12.93,13.07,13.52,9614828,127107681,3,0.464637,1,-3.328408,0
2018/8/9,sh.600004,13.06,13.65,13.06,13.54,13.07,9785757,131756146,3,0.472897,1,3.596024,0
2018/8/10,sh.600004,13.5,13.87,13.5,13.74,13.54,8786105,120492285,3,0.424589,1,1.477103,0
2018/8/13,sh.600004,13.67,13.73,13.29,13.48,13.74,9491048,127593344,3,0.458655,1,-1.892287,0
2018/8/14,sh.600004,13.5,13.62,13.38,13.52,13.48,5111557,69157721,3,0.247016,1,0.296743,0
2018/8/15,sh.600004,13.26,13.44,13.07,13.14,13.52,6875720,90760916,3,0.332269,1,-2.810652,0
2018/8/16,sh.600004,13.09,13.19,12.8,13.01,13.14,5686726,74149713,3,0.274811,1,-0.989346,0
2018/8/17,sh.600004,13.07,13.2,12.58,12.64,13.01,9371672,120140004,3,0.452886,1,-2.843965,0
2018/8/20,sh.600004,12.33,12.6,11.85,12.54,12.64,19002457,234313796,3,0.918295,1,-0.791142,0
2018/8/21,sh.600004,12.43,12.97,12.43,12.93,12.54,12641917,160475093,3,0.610921,1,3.110051,0
2018/8/22,sh.600004,12.81,12.85,12.37,12.5,12.93,13080018,164136393,3,0.632092,1,-3.325602,0
2018/8/23,sh.600004,12.45,12.6,12.26,12.31,12.5,9699786,120550476,3,0.468743,1,-1.519997,0
2018/8/24,sh.600004,12.32,12.58,12.31,12.33,12.31,10933102,136207365,3,0.528343,1,0.162466,0
2018/8/27,sh.600004,12.49,12.8,12.4,12.74,12.33,11125726,140919398,3,0.537651,1,3.325222,0
2018/8/28,sh.600004,12.72,12.95,12.68,12.78,12.74,6018607,77094689,3,0.290849,1,0.313972,0
2018/8/29,sh.600004,12.76,12.76,12.01,12.3,12.78,10780770,133696999,3,0.520981,1,-3.755865,0
2018/8/30,sh.600004,12.32,12.58,12.26,12.4,12.3,11822352,146558142,3,0.571316,1,0.813003,0
2018/8/31,sh.600004,12.51,12.52,12.14,12.21,12.4,7839273,95736043,3,0.378833,1,-1.532255,0
2018/9/3,sh.600004,12.11,12.17,11.86,12.01,12.21,8893089,106557696,3,0.429759,1,-1.638,0
2018/9/4,sh.600004,12.02,12.16,11.9,12.1,12.01,6520101,78438547,3,0.315084,1,0.749377,0
2018/9/5,sh.600004,12.11,12.11,11.76,11.79,12.1,8015815,95268926,3,0.387365,1,-2.561987,0
2018/9/6,sh.600004,11.85,11.88,11.52,11.6,11.79,5876377,68626768,3,0.283976,1,-1.611532,0
2018/9/7,sh.600004,11.6,11.88,11.58,11.76,11.6,5822824,68461719,3,0.281388,1,1.379309,0
2018/9/10,sh.600004,11.68,11.77,11.51,11.71,11.76,4089859,47626087,3,0.197643,1,-0.425172,0
2018/9/11,sh.600004,11.66,11.94,11.56,11.77,11.71,9325449,109760049,3,0.450653,1,0.512386,0
2018/9/12,sh.600004,11.75,11.86,11.59,11.73,11.77,5297214,62081464,3,0.255988,1,-0.339855,0
2018/9/13,sh.600004,11.85,11.97,11.77,11.87,11.73,5114517,60633026,3,0.247159,1,1.193524,0
2018/9/14,sh.600004,11.91,11.96,11.79,11.87,11.87,2941443,34937026,3,0.142145,1,0,0
2018/9/17,sh.600004,11.87,11.93,11.71,11.81,11.87,3494566,41346050,3,0.168875,1,-0.505471,0
2018/9/18,sh.600004,11.78,11.95,11.7,11.91,11.81,4584214,54187974,3,0.221532,1,0.846735,0
2018/9/19,sh.600004,11.89,12.41,11.82,12.34,11.91,11108396,136035506,3,0.536814,1,3.610414,0
2018/9/20,sh.600004,12.25,12.34,12.16,12.28,12.34,5832959,71396063,3,0.281878,1,-0.486227,0
2018/9/21,sh.600004,12.26,12.64,12.26,12.57,12.28,7518411,93759321,3,0.363328,1,2.361563,0
2018/9/25,sh.600004,12.42,12.5,12.31,12.4,12.57,3770310,46698102,3,0.1822,1,-1.352427,0
2018/9/26,sh.600004,12.41,12.71,12.38,12.42,12.4,12266994,153676089,3,0.592803,1,0.161294,0
2018/9/27,sh.600004,12.41,12.58,12.25,12.25,12.42,6634360,82218225,3,0.320606,1,-1.368761,0
2018/9/28,sh.600004,12.37,12.77,12.36,12.77,12.25,14764256,186502894,3,0.713483,1,4.244902,0
2018/10/8,sh.600004,12.33,12.54,12.13,12.25,12.77,10850691,133568761,3,0.52436,1,-4.072047,0
2018/10/9,sh.600004,12.26,12.26,11.83,11.88,12.25,11678124,139732002,3,0.564346,1,-3.020407,0
2018/10/10,sh.600004,11.81,11.98,11.76,11.85,11.88,4841398,57476666,3,0.233961,1,-0.252523,0
2018/10/11,sh.600004,11.44,11.67,10.95,11.15,11.85,12989153,146423619,3,0.627701,1,-5.907179,0
2018/10/12,sh.600004,11.12,11.43,11.05,11.38,11.15,6993929,78682201,3,0.337982,1,2.062785,0
2018/10/15,sh.600004,11.4,11.53,11.02,11.17,11.38,5235496,58856092,3,0.253006,1,-1.845343,0
2018/10/16,sh.600004,11.15,11.15,10.89,10.96,11.17,5043351,55526533,3,0.24372,1,-1.880036,0
2018/10/17,sh.600004,11.12,11.19,10.77,11.14,10.96,7473314,82049148,3,0.361148,1,1.642339,0
2018/10/18,sh.600004,11.09,11.09,10.7,10.86,11.14,10633027,115017990,3,0.513841,1,-2.513471,0
2018/10/19,sh.600004,10.69,11.22,10.66,11.09,10.86,7769616,85416460,3,0.375467,1,2.117868,0
2018/10/22,sh.600004,11.09,11.92,11.09,11.78,11.09,12821023,149349907,3,0.619576,1,6.221817,0
2018/10/23,sh.600004,11.7,11.93,11.21,11.25,11.78,7070739,80912375,3,0.341694,1,-4.499149,0
2018/10/24,sh.600004,11.25,11.44,11.16,11.17,11.25,5864573,66109507,3,0.283406,1,-0.71111,0
2018/10/25,sh.600004,10.89,11.03,10.76,10.94,11.17,8391433,91318865,3,0.405516,1,-2.059091,0
2018/10/26,sh.600004,10.99,11.08,10.78,10.83,10.94,6160196,67049757,3,0.297692,1,-1.005481,0
2018/10/29,sh.600004,10.83,10.84,10.18,10.22,10.83,14000627,145323347,3,0.676581,1,-5.632499,0
2018/10/30,sh.600004,10.2,10.23,9.5,9.98,10.22,28142069,276889523,3,1.359967,1,-2.348344,0
2018/10/31,sh.600004,9.61,9.95,9.61,9.79,9.98,29532817,288896760,3,1.427175,1,-1.903803,0
2018/11/1,sh.600004,9.86,10.01,9.73,9.91,9.79,28357906,280313036,3,1.370397,1,1.225739,0
2018/11/2,sh.600004,10.15,10.62,10.1,10.6,9.91,28005190,289078804,3,1.353352,1,6.96267,0
2018/11/5,sh.600004,10.4,10.52,10.19,10.43,10.6,15204344,157260133,3,0.734751,1,-1.603774,0
2018/11/6,sh.600004,10.4,10.42,10.05,10.12,10.43,15334178,155788947,3,0.741025,1,-2.9722,0
2018/11/7,sh.600004,10.17,10.2,10.06,10.11,10.12,17679377,179060672,3,0.854357,1,-0.098816,0
2018/11/8,sh.600004,10.18,10.22,10.01,10.02,10.11,9360618,94481492,3,0.452352,1,-0.8902,0
2018/11/9,sh.600004,9.98,9.99,9.85,9.87,10.02,6586409,65201929,3,0.318288,1,-1.497012,0
2018/11/12,sh.600004,9.88,10.18,9.79,10.12,9.87,9877257,99302354,3,0.477319,1,2.532928,0
2018/11/13,sh.600004,10.01,10.29,9.94,10.22,10.12,15436062,156632001,3,0.745948,1,0.988146,0
2018/11/14,sh.600004,10.33,10.5,10.15,10.16,10.22,12304013,126797486,3,0.594592,1,-0.587088,0
2018/11/15,sh.600004,10.09,10.31,10.06,10.29,10.16,8525662,87013197,3,0.412003,1,1.279529,0
2018/11/16,sh.600004,10.31,10.45,10.23,10.35,10.29,12442136,129053947,3,0.601267,1,0.583094,0
2018/11/19,sh.600004,10.3,10.45,10.3,10.43,10.35,7649037,79281319,3,0.36964,1,0.772946,0
2018/11/20,sh.600004,10.37,10.37,10.06,10.06,10.43,9780032,99495808,3,0.47262,1,-3.547458,0
2018/11/21,sh.600004,9.93,10.15,9.93,10.14,10.06,6767894,68051344,3,0.327059,1,0.795228,0
2018/11/22,sh.600004,10.14,10.14,10,10.03,10.14,7140051,71702594,3,0.345043,1,-1.084819,0
2018/11/23,sh.600004,10.07,10.07,9.76,9.76,10.03,8996670,88704045,3,0.434764,1,-2.691919,0
2018/11/26,sh.600004,9.78,9.95,9.78,9.86,9.76,5165690,51077577,3,0.249632,1,1.024584,0
2018/11/27,sh.600004,9.86,10.02,9.86,9.94,9.86,5907598,58752184,3,0.285485,1,0.811358,0
2018/11/28,sh.600004,9.9,10.04,9.75,10.02,9.94,5701516,56725102,3,0.275526,1,0.804838,0
2018/11/29,sh.600004,10.07,10.18,10,10.01,10.02,8977313,90669921,3,0.433829,1,-0.099803,0
2018/11/30,sh.600004,10,10.14,9.91,10.13,10.01,5206841,52419078,3,0.251621,1,1.1988,0
2018/12/3,sh.600004,10.28,10.7,10.22,10.64,10.13,19923850,209029204,3,0.962821,1,5.034553,0
2018/12/4,sh.600004,10.55,10.74,10.48,10.7,10.64,9921949,105123617,3,0.479479,1,0.563905,0
2018/12/5,sh.600004,10.49,10.67,10.43,10.56,10.7,8024367,84726369,3,0.387778,1,-1.308406,0
2018/12/6,sh.600004,10.46,10.46,10.2,10.24,10.56,8976984,92249586,3,0.433813,1,-3.030309,0
2018/12/7,sh.600004,10.24,10.39,10.24,10.33,10.24,5248165,54148889,3,0.253618,1,0.878908,0
2018/12/10,sh.600004,10.24,10.4,10.18,10.29,10.33,7688403,79159021,3,0.371542,1,-0.387221,0
2018/12/11,sh.600004,10.35,10.56,10.3,10.47,10.29,8487920,88807436,3,0.410179,1,1.749274,0
2018/12/12,sh.600004,10.58,10.6,10.29,10.41,10.47,9046755,94705793,3,0.437185,1,-0.57307,0
2018/12/13,sh.600004,10.49,11.1,10.41,10.88,10.41,24829408,268845387,3,1.199882,1,4.514892,0
2018/12/14,sh.600004,10.88,10.94,10.57,10.6,10.88,22283956,239856119,3,1.076873,1,-2.573527,0
2018/12/17,sh.600004,10.65,10.83,10.46,10.69,10.6,13698293,146230462,3,0.661971,1,0.849049,0
2018/12/18,sh.600004,10.59,10.83,10.56,10.7,10.69,9766390,104071296,3,0.471961,1,0.093548,0
2018/12/19,sh.600004,10.74,10.78,10.41,10.45,10.7,8244616,87036296,3,0.398421,1,-2.336449,0
2018/12/20,sh.600004,10.35,10.56,10.2,10.51,10.45,8554466,88649510,3,0.413395,1,0.574167,0
2018/12/21,sh.600004,10.4,10.43,10.14,10.23,10.51,8525911,87275747,3,0.412015,1,-2.664136,0
2018/12/24,sh.600004,10.17,10.37,10.08,10.28,10.23,7085982,72642267,3,0.34243,1,0.48876,0
2018/12/25,sh.600004,10.16,10.2,9.99,10.14,10.28,6970730,70276227,3,0.336861,1,-1.361862,0
2018/12/26,sh.600004,10.1,10.16,9.93,10,10.14,5897889,59282117,3,0.285016,1,-1.380674,0
2018/12/27,sh.600004,10.18,10.23,9.8,9.87,10,11734279,116840952,3,0.56706,1,-1.300001,0
2018/12/28,sh.600004,9.89,10.07,9.79,10.05,9.87,7595054,75677909,3,0.367031,1,1.823711,0
2019/1/2,sh.600004,10.05,10.12,9.85,9.9,10.05,6433500,63967250,3,0.310899,1,-1.492543,0
2019/1/3,sh.600004,9.9,9.95,9.73,9.77,9.9,8317763,81681965,3,0.401956,1,-1.313123,0
2019/1/4,sh.600004,9.7,9.97,9.64,9.9,9.77,9233077,90822777,3,0.446189,1,1.330595,0
2019/1/7,sh.600004,9.99,10.02,9.89,9.94,9.9,10693238,106348233,3,0.516751,1,0.40404,0
2019/1/8,sh.600004,9.95,9.95,9.75,9.79,9.94,10241147,100426762,3,0.494904,1,-1.509051,0
2019/1/9,sh.600004,9.84,9.97,9.78,9.89,9.79,14007497,138857795,3,0.676913,1,1.021454,0
2019/1/10,sh.600004,9.87,9.87,9.65,9.77,9.89,13690365,133965136,3,0.661587,1,-1.213346,0
2019/1/11,sh.600004,9.73,9.8,9.68,9.77,9.77,9406871,91595327,3,0.454587,1,0,0
2019/1/14,sh.600004,9.77,9.77,9.55,9.57,9.77,13252747,127545485,3,0.64044,1,-2.047091,0
2019/1/15,sh.600004,9.59,9.71,9.53,9.69,9.57,13673335,131643811,3,0.660764,1,1.253917,0
2019/1/16,sh.600004,9.68,9.71,9.56,9.65,9.69,10430173,100508651,3,0.504039,1,-0.412796,0
2019/1/17,sh.600004,9.63,9.86,9.6,9.79,9.65,24167280,235705065,3,1.167885,1,1.450781,0
2019/1/18,sh.600004,9.84,10.59,9.77,10.36,9.79,56614584,577053472,3,2.735902,1,5.822264,0
2019/1/21,sh.600004,10.36,11.28,10.36,10.95,10.36,57999110,635645467,3,2.802809,1,5.694983,0
2019/1/22,sh.600004,10.95,10.98,10.71,10.78,10.95,28570304,309224783,3,1.380661,1,-1.552512,0
2019/1/23,sh.600004,10.8,10.88,10.58,10.66,10.78,20847202,222776086,3,1.007442,1,-1.113171,0
2019/1/24,sh.600004,10.65,11,10.65,10.83,10.66,29233876,316310173,3,1.412728,1,1.594747,0
2019/1/25,sh.600004,10.75,11.04,10.73,10.83,10.83,29795521,324154287,3,1.43987,1,0,0
2019/1/28,sh.600004,10.87,11.23,10.87,11.15,10.83,34155500,380055514,3,1.650566,1,2.954752,0
2019/1/29,sh.600004,11.01,11.25,10.85,11.02,11.15,25813355,284682041,3,1.247431,1,-1.165912,0
2019/1/30,sh.600004,10.84,11.6,10.8,11.31,11.02,26897117,305407340,3,1.299804,1,2.631578,0
2019/1/31,sh.600004,11.35,11.85,11.35,11.81,11.31,22843596,267149237,3,1.103918,1,4.420866,0
2019/2/1,sh.600004,11.87,11.94,11.31,11.6,11.81,30315659,351093465,3,1.465005,1,-1.778154,0
2019/2/11,sh.600004,11.49,12.22,11.46,12.16,11.6,20373679,241104428,3,0.984559,1,4.827581,0
2019/2/12,sh.600004,12.06,12.26,12.01,12.18,12.16,18577105,225529145,3,0.897739,1,0.164477,0
2019/2/13,sh.600004,12.18,12.66,12.08,12.5,12.18,22499336,279252236,3,1.087281,1,2.627255,0
2019/2/14,sh.600004,12.5,12.55,12.27,12.51,12.5,10642198,132674588,3,0.514285,1,0.080002,0
2019/2/15,sh.600004,12.51,12.54,12.13,12.17,12.51,12779536,156670192,3,0.617572,1,-2.717827,0
2019/2/18,sh.600004,12.23,12.9,12.22,12.73,12.17,15357880,194203059,3,0.74217,1,4.601474,0
2019/2/19,sh.600004,13.2,13.45,12.49,12.66,12.73,35185780,452111780,3,1.700354,1,-0.54988,0
2019/2/20,sh.600004,12.64,12.69,12.33,12.45,12.66,19267413,239984574,3,0.931099,1,-1.658768,0
2019/2/21,sh.600004,12.36,12.47,12.03,12.13,12.45,26447609,324345398,3,1.278082,1,-2.570279,0
2019/2/22,sh.600004,12.22,12.35,12.04,12.33,12.13,20077268,245450927,3,0.970235,1,1.648803,0
2019/2/25,sh.600004,12.42,12.99,12.28,12.95,12.33,32334019,409755490,3,1.562543,1,5.028385,0
2019/2/26,sh.600004,12.85,12.86,12.58,12.62,12.95,21045917,267362544,3,1.017045,1,-2.548262,0
2019/2/27,sh.600004,12.6,12.67,12.18,12.4,12.62,16473891,205231500,3,0.796101,1,-1.743267,0
2019/2/28,sh.600004,12.41,12.44,12.27,12.32,12.4,9171892,113336919,3,0.443232,1,-0.645161,0
2019/3/1,sh.600004,12.44,13.17,12.36,13.15,12.32,29721436,380547995,3,1.43629,1,6.737012,0
2019/3/4,sh.600004,13.15,14.06,13.01,13.6,13.15,34987320,475699785,3,1.690764,1,3.422059,0
2019/3/5,sh.600004,13.49,13.58,13.26,13.44,13.6,20187022,270809752,3,0.975539,1,-1.176476,0
2019/3/6,sh.600004,13.42,13.59,13.15,13.49,13.44,21216972,283441565,3,1.025311,1,0.372025,0
2019/3/7,sh.600004,13.49,13.53,13.08,13.18,13.49,18760929,249424773,3,0.906623,1,-2.297995,0
2019/3/8,sh.600004,13,13.15,12.69,13.01,13.18,21787807,282180582,3,1.052897,1,-1.289834,0
2019/3/11,sh.600004,13.05,13.55,13.02,13.31,13.01,20152779,268719342,3,0.973884,1,2.30592,0
2019/3/12,sh.600004,13.53,13.56,13.2,13.3,13.31,21198320,283446977,3,1.02441,1,-0.075133,0
2019/3/13,sh.600004,13.26,13.7,13.23,13.3,13.3,20256809,273687713,3,0.978911,1,0,0
2019/3/14,sh.600004,13.4,13.58,13,13.17,13.3,12832469,170873614,3,0.62013,1,-0.977445,0
2019/3/15,sh.600004,13.33,13.46,13.09,13.3,13.17,11160652,148623173,3,0.539339,1,0.987093,0
2019/3/18,sh.600004,13.32,14.26,13.3,14.15,13.3,24500463,340237585,3,1.183986,1,6.390973,0
2019/3/19,sh.600004,14.16,14.37,13.94,13.99,14.15,16716347,234994739,3,0.807818,1,-1.130741,0
2019/3/20,sh.600004,13.99,14.12,13.8,14.07,13.99,13541853,189087643,3,0.654411,1,0.571836,0
2019/3/21,sh.600004,14.11,14.65,13.99,14.43,14.07,25252115,362639187,3,1.22031,1,2.55864,0
2019/3/22,sh.600004,14.4,15,14.31,14.89,14.43,22007997,324663261,3,1.063537,1,3.187804,0
2019/3/25,sh.600004,14.69,15.05,14.35,14.48,14.89,15508274,227072450,3,0.749438,1,-2.753531,0
2019/3/26,sh.600004,14.41,14.8,14.31,14.48,14.48,14259221,207243437,3,0.689077,1,0,0
2019/3/27,sh.600004,14.51,14.98,14.48,14.6,14.48,14686692,215971514,3,0.709735,1,0.828735,0
2019/3/28,sh.600004,14.6,14.83,14.4,14.41,14.6,11398491,166128631,3,0.550833,1,-1.301373,0
2019/3/29,sh.600004,14.45,14.8,14.28,14.78,14.41,17802232,260053761,3,0.860294,1,2.567661,0
2019/4/1,sh.600004,14.82,15.37,14.8,15.01,14.78,21987266,331071868,3,1.062536,1,1.55616,0
2019/4/2,sh.600004,15.16,15.16,14.68,14.7,15.01,19773772,293161648,3,0.955568,1,-2.065293,0
2019/4/3,sh.600004,14.7,15,14.62,14.95,14.7,11074213,164100041,3,0.535162,1,1.70068,0
2019/4/4,sh.600004,15.62,16.45,14.9,15,14.95,41519862,641817482,3,2.006449,1,0.334449,0
2019/4/8,sh.600004,14.82,14.85,14.29,14.46,15,32076319,466852220,3,1.550089,1,-3.6,0
2019/4/9,sh.600004,14.41,14.76,14.36,14.47,14.46,14028391,203919277,3,0.677923,1,0.069158,0
2019/4/10,sh.600004,14.4,14.46,13.95,14.3,14.47,19332294,274936837,3,0.934234,1,-1.174845,0
2019/4/11,sh.600004,14.25,14.56,14.09,14.25,14.3,13483858,192889867,3,0.651608,1,-0.349652,0
2019/4/12,sh.600004,14.22,14.35,13.96,14.07,14.25,9019341,127165570,3,0.43586,1,-1.26316,0
2019/4/15,sh.600004,14.25,14.3,14.03,14.05,14.07,14263559,201716902,3,0.689287,1,-0.142143,0
2019/4/16,sh.600004,13.97,14.31,13.93,14.3,14.05,12265863,174291755,3,0.592748,1,1.779359,0
2019/4/17,sh.600004,14.28,14.36,14.13,14.19,14.3,13856285,196977800,3,0.669606,1,-0.769235,0
2019/4/18,sh.600004,14.27,14.35,14.05,14.18,14.19,8986060,127512845,3,0.434252,1,-0.070467,0
2019/4/19,sh.600004,14.18,14.48,14.13,14.44,14.18,11406684,163265029,3,0.551228,1,1.833563,0
2019/4/22,sh.600004,14.49,14.6,14.07,14.13,14.44,11457750,163860756,3,0.553696,1,-2.146811,0
2019/4/23,sh.600004,14.13,14.43,13.95,14.16,14.13,12404459,176166809,3,0.599446,1,0.212312,0
2019/4/24,sh.600004,14.16,14.46,14.14,14.33,14.16,8920879,127376719,3,0.431102,1,1.200565,0
2019/4/25,sh.600004,14.4,14.94,14.31,14.45,14.33,21479930,314386101,3,1.038019,1,0.837403,0
2019/4/26,sh.600004,14.31,14.8,14.26,14.51,14.45,15425754,225882330,3,0.74545,1,0.415228,0
2019/4/29,sh.600004,14.5,15.09,14.48,15.04,14.51,24877159,370170190,3,1.20219,1,3.652652,0
2019/4/30,sh.600004,14.64,15.38,14.3,15.24,15.04,28690835,428177808,3,1.386486,1,1.329786,0
2019/5/6,sh.600004,14.75,15.35,14.3,15.09,15.24,26828818,398880760,3,1.296504,1,-0.984249,0
2019/5/7,sh.600004,15.05,16.08,14.75,15.97,15.09,31652300,492330263,3,1.529599,1,5.831677,0
2019/5/8,sh.600004,15.9,16.62,15.53,15.9,15.97,31518514,510146617,3,1.523134,1,-0.438326,0
2019/5/9,sh.600004,15.45,15.84,14.67,14.78,15.9,27982265,422444664,3,1.352244,1,-7.044025,0
2019/5/10,sh.600004,15.1,16.26,14.96,16.26,14.78,25352225,395187109,3,1.225147,1,10.01354,0
2019/5/13,sh.600004,16.18,16.77,15.98,16.52,16.26,18171010,297547834,3,0.878115,1,1.599017,0
2019/5/14,sh.600004,16.3,16.48,15.82,15.88,16.52,19333246,311222836,3,0.93428,1,-3.874094,0
2019/5/15,sh.600004,15.9,16.36,15.78,16.08,15.88,18870491,302483853,3,0.911917,1,1.259445,0
2019/5/16,sh.600004,15.95,16.68,15.9,16.58,16.08,16277011,265329180,3,0.786587,1,3.109453,0
2019/5/17,sh.600004,16.44,16.79,16.1,16.19,16.58,15742497,258772014,3,0.760757,1,-2.352228,0
2019/5/20,sh.600004,16.07,16.27,15.37,15.87,16.19,14014011,220716330,3,0.677228,1,-1.976533,0
2019/5/21,sh.600004,15.93,16.54,15.78,16.35,15.87,16252484,264951134,3,0.785402,1,3.024578,0
2019/5/22,sh.600004,16.33,16.85,16.13,16.69,16.35,15292555,254084790,3,0.739013,1,2.079512,0
2019/5/23,sh.600004,16.53,16.84,16.26,16.7,16.69,11828340,195761453,3,0.571605,1,0.059917,0
2019/5/24,sh.600004,16.64,16.78,16.01,16.3,16.7,11713867,191566231,3,0.566073,1,-2.395219,0
2019/5/27,sh.600004,16.21,16.29,15.78,16.18,16.3,14179934,226907618,3,0.685246,1,-0.73619,0
2019/5/28,sh.600004,16.18,16.24,15.85,15.92,16.18,16232610,259807384,3,0.784442,1,-1.606924,0
2019/5/29,sh.600004,15.7,15.86,15.5,15.8,15.92,14584911,229084837,3,0.704816,1,-0.753768,0
2019/5/30,sh.600004,15.64,15.75,15.27,15.55,15.8,17073550,264203679,3,0.82508,1,-1.582278,0
2019/5/31,sh.600004,15.53,15.82,15.46,15.67,15.55,11495940,179842736,3,0.555542,1,0.771703,0
2019/6/3,sh.600004,15.7,16.13,15.51,15.75,15.67,11804681,186764537,3,0.570462,1,0.510529,0
2019/6/4,sh.600004,15.55,15.88,15.33,15.59,15.75,8019627,124812043,3,0.387549,1,-1.015872,0
2019/6/5,sh.600004,15.75,15.83,15.32,15.33,15.59,6194190,96036275,3,0.299334,1,-1.667737,0
2019/6/6,sh.600004,15.47,15.47,14.88,14.96,15.33,11948312,180314782,3,0.577403,1,-2.413567,0
2019/6/10,sh.600004,15,15.7,14.97,15.64,14.96,11954818,184429446,3,0.577717,1,4.545456,0
2019/6/11,sh.600004,15.51,16.23,15.51,16.14,15.64,13659489,217832080,3,0.660095,1,3.196925,0
2019/6/12,sh.600004,16.12,16.28,15.95,16.09,16.14,7742649,124718488,3,0.374164,1,-0.309785,0
2019/6/13,sh.600004,16.01,16.13,15.78,15.94,16.09,7840898,124892409,3,0.378912,1,-0.93226,0
2019/6/14,sh.600004,15.94,16.14,15.77,15.8,15.94,8777947,139596756,3,0.424195,1,-0.87829,0
2019/6/17,sh.600004,15.8,15.97,15.59,15.68,15.8,7951844,125454179,3,0.384273,1,-0.759493,0
2019/6/18,sh.600004,15.78,16.32,15.67,16.18,15.68,12234111,196411325,3,0.591214,1,3.188776,0
2019/6/19,sh.600004,16.48,16.75,16.23,16.29,16.18,11859098,195000124,3,0.573091,1,0.679855,0
2019/6/20,sh.600004,16.37,17.65,16.33,17.16,16.29,23032060,392272412,3,1.113025,1,5.340693,0
2019/6/21,sh.600004,17.14,17.44,16.9,17.02,17.16,12653711,215911100,3,0.611491,1,-0.815847,0
2019/6/24,sh.600004,17.06,17.77,16.85,17.65,17.02,14595870,254325574,3,0.705346,1,3.701523,0
2019/6/25,sh.600004,17.63,17.95,17.43,17.82,17.65,11397726,201495123,3,0.550796,1,0.963173,0
2019/6/26,sh.600004,17.61,17.83,17.49,17.72,17.82,8278440,146158782,3,0.400056,1,-0.561169,0
2019/6/27,sh.600004,17.62,18.16,17.62,17.83,17.72,11080026,198473051,3,0.535443,1,0.620771,0
2019/6/28,sh.600004,17.7,18.25,17.51,18.2,17.83,10975707,196024151,3,0.530401,1,2.075159,0
2019/7/1,sh.600004,18.29,19.15,18.29,18.68,18.2,14906151,278458005,3,0.72034,1,2.63736,0
2019/7/2,sh.600004,18.52,18.81,18.43,18.68,18.68,8465221,157610333,3,0.409082,1,0,0
2019/7/3,sh.600004,18.57,18.57,17.25,17.58,18.68,34192868,608724161,3,1.652372,1,-5.888653,0
2019/7/4,sh.600004,17.5,17.5,16.3,16.41,17.58,47115944,787912427,3,2.27688,1,-6.655291,0
2019/7/5,sh.600004,16.5,16.95,16.37,16.78,16.41,34150388,572409717,3,1.650319,1,2.254728,0
2019/7/8,sh.600004,16.99,17.07,16.38,16.65,16.78,23691878,396102971,3,1.144911,1,-0.774738,0
2019/7/9,sh.600004,16.58,17.23,16.49,17.01,16.65,20033852,340194179,3,0.968137,1,2.162166,0
2019/7/10,sh.600004,16.99,17.48,16.95,17.34,17.01,12795826,221139288,3,0.618359,1,1.940035,0
2019/7/11,sh.600004,17.42,17.64,17.11,17.2,17.34,11406281,197819793,3,0.551209,1,-0.807378,0
2019/7/12,sh.600004,17.25,17.65,17.15,17.6,17.2,8745280,152804017,3,0.422616,1,2.325579,0
2019/7/15,sh.600004,17.5,17.56,16.92,17.34,17.6,11096647,191249260,3,0.536246,1,-1.477274,0
2019/7/16,sh.600004,17.3,17.3,16.96,17.06,17.34,8622939,147190799,3,0.416704,1,-1.614768,0
2019/7/17,sh.600004,16.95,17.21,16.85,17.06,17.06,5474300,93403077,3,0.264546,1,0,0
2019/7/18,sh.600004,16.93,17.06,16.75,16.83,17.06,5966159,101114556,3,0.288315,1,-1.34818,0
2019/7/19,sh.600004,16.9,17.3,16.86,16.89,16.83,7810105,133148449,3,0.377424,1,0.356503,0
2019/7/22,sh.600004,16.93,17.04,16.54,16.85,16.89,13078475,219385863,3,0.632018,1,-0.236821,0
2019/7/23,sh.600004,16.8,16.8,16.6,16.7,16.85,7279605,121461866,3,0.351787,1,-0.890205,0
2019/7/24,sh.600004,16.69,17.29,16.69,17.17,16.7,13792089,236720319,3,0.666503,1,2.814367,0
2019/7/25,sh.600004,17.17,17.24,17.02,17.19,17.17,6420784,110081778,3,0.310285,1,0.116485,0
2019/7/26,sh.600004,17.17,17.76,17.13,17.76,17.19,11278862,198087605,3,0.5451,1,3.3159,0
2019/7/29,sh.600004,17.69,18.04,17.58,17.86,17.76,12137775,216915662,3,0.586558,1,0.563065,0
2019/7/30,sh.600004,18,18,17.65,17.81,17.86,7164863,127433470,3,0.3462,1,-0.28,0
2019/7/31,sh.600004,17.65,17.79,17.46,17.63,17.81,6522729,114871706,3,0.3152,1,-1.0107,0
2019/8/1,sh.600004,17.72,17.82,17.45,17.79,17.63,9580798,169331634,3,0.463,1,0.9076,0
2019/8/2,sh.600004,17.4,17.81,17.38,17.51,17.79,9101529,159813155,3,0.4398,1,-1.5739,0
2019/8/5,sh.600004,17.55,18,17,17.1,17.51,12871785,224983741,3,0.622,1,-2.3415,0
2019/8/6,sh.600004,16.85,17.05,16.72,16.93,17.1,11433868,193369607,3,0.5525,1,-0.9942,0
2019/8/7,sh.600004,17.07,17.57,16.95,17.14,16.93,10541178,182194055,3,0.5094,1,1.2404,0
2019/8/8,sh.600004,17.24,17.83,17.24,17.55,17.14,11895086,209411287,3,0.5748,1,2.3921,0
2019/8/9,sh.600004,17.49,17.71,17.11,17.24,17.38,10479627,182159190,3,0.5064,1,-0.8055,0
2019/8/12,sh.600004,17.1,18.46,17.1,18.29,17.24,20238121,363881206,3,0.978,1,6.0905,0
2019/8/13,sh.600004,18.33,19.39,18.13,19.11,18.29,33342571,629290368,3,1.6113,1,4.4833,0
2019/8/14,sh.600004,19.18,19.18,17.92,18.06,19.11,31570468,578035402,3,1.5256,1,-5.4945,0
2019/8/15,sh.600004,17.65,18.37,17.5,18.08,18.06,15569805,280210110,3,0.7524,1,0.1107,0
2019/8/16,sh.600004,18.08,18.37,17.81,18.18,18.08,13342996,241747382,3,0.6448,1,0.5531,0
2019/8/19,sh.600004,18.4,18.99,18.21,18.44,18.18,13407222,247805350,3,0.6479,1,1.4301,0
2019/8/20,sh.600004,18.4,18.47,18.13,18.32,18.44,8440543,154445058,3,0.4079,1,-0.6508,0
2019/8/21,sh.600004,18.28,18.31,18.02,18.12,18.32,7539061,136786568,3,0.3643,1,-1.0917,0
2019/8/22,sh.600004,18.08,18.49,18,18.4,18.12,7076705,129616022,3,0.342,1,1.5452,0
2019/8/23,sh.600004,18.4,18.71,18.23,18.61,18.4,7985631,147607150,3,0.3859,1,1.1413,0
2019/8/26,sh.600004,18.26,18.9,18.16,18.81,18.61,10258323,190666065,3,0.4957,1,1.0747,0
2019/8/27,sh.600004,18.85,19.09,18.48,18.89,18.81,10265443,193033098,3,0.4961,1,0.4253,0
2019/8/28,sh.600004,18.85,19.04,18.72,18.95,18.89,7502575,142013076,3,0.3626,1,0.3176,0
2019/8/29,sh.600004,18.95,19.44,18.95,19.03,18.95,10689105,205146178,3,0.5166,1,0.4222,0
2019/8/30,sh.600004,19.03,19.39,18.26,18.7,19.03,7979611,150913508,3,0.3856,1,-1.7341,0
2019/9/2,sh.600004,18.62,19.18,18.6,19.11,18.7,9824948,186485769,3,0.4748,1,2.1925,0
2019/9/3,sh.600004,19.09,19.51,19.07,19.5,19.11,10063301,194542599,3,0.4863,1,2.0408,0
2019/9/4,sh.600004,19.35,20.29,19.22,20.06,19.5,16145100,320715253,3,0.7802,1,2.8718,0
2019/9/5,sh.600004,20.1,20.8,20.1,20.31,20.06,11087276,227154021,3,0.5358,1,1.2463,0
2019/9/6,sh.600004,20.64,20.7,20.02,20.64,20.31,7758503,158591325,3,0.3749,1,1.6248,0
2019/9/9,sh.600004,20.8,21,20.38,20.65,20.64,9234428,190608397,3,0.4463,1,0.0485,0
2019/9/10,sh.600004,20.77,20.77,20.03,20.19,20.65,12325986,249411406,3,0.5957,1,-2.2276,0
2019/9/11,sh.600004,20.36,20.36,19.68,19.85,20.19,10935581,217737489,3,0.5285,1,-1.684,0
2019/9/12,sh.600004,20.04,20.35,19.74,20.09,19.85,6896988,138495023,3,0.3333,1,1.2091,0
2019/9/16,sh.600004,20.29,20.29,19.81,20.07,20.09,6414095,128831860,3,0.31,1,-0.0996,0
2019/9/17,sh.600004,20.06,20.15,19.51,19.7,20.07,7131990,141111131,3,0.3447,1,-1.8435,0
2019/9/18,sh.600004,19.7,21.18,19.7,20.94,19.7,15576078,321434926,3,0.7527,1,6.2944,0
2019/9/19,sh.600004,21.05,21.18,20.67,20.98,20.94,7882955,164506389,3,0.3809,1,0.191,0
2019/9/20,sh.600004,20.98,21.53,20.81,21.26,20.98,10717425,226538188,3,0.5179,1,1.3346,0
2019/9/23,sh.600004,21.13,21.45,20.9,21.22,21.26,7817595,165867940,3,0.3778,1,-0.1882,0
2019/9/24,sh.600004,21.27,22.9,21.27,22.65,21.22,13003663,289098790,3,0.6284,1,6.7389,0
2019/9/25,sh.600004,22.69,22.81,22.09,22.34,22.65,9908553,222051365,3,0.4788,1,-1.3687,0
2019/9/26,sh.600004,22.35,23.35,22.09,22.3,22.34,15353217,348143651,3,0.7419,1,-0.1791,0
2019/9/27,sh.600004,22.46,22.61,21.37,22.4,22.3,9379175,208411145,3,0.4532,1,0.4484,0
2019/9/30,sh.600004,22.48,23.13,22.2,22.45,22.4,7872095,178051654,3,0.3804,1,0.2232,0
2019/10/8,sh.600004,22.45,23.29,22.23,22.96,22.45,16224595,372208603,3,0.7841,1,2.2717,0
2019/10/9,sh.600004,22.97,23.29,22.4,23.03,22.96,12010663,273668041,3,0.5804,1,0.3049,0
2019/10/10,sh.600004,23,23.69,22.83,23.46,23.03,10640485,247979268,3,0.5142,1,1.8671,0
2019/10/11,sh.600004,23.24,23.67,22.89,23.5,23.46,11839141,275841475,3,0.5721,1,0.1705,0
2019/10/14,sh.600004,23.51,23.6,22.45,22.58,23.5,22662780,515179789,3,1.0952,1,-3.9149,0
2019/10/15,sh.600004,22.4,23.02,21.96,22.9,22.58,14566396,330789488,3,0.7039,1,1.4172,0
2019/10/16,sh.600004,22.75,22.98,22.22,22.5,22.9,10635838,239417196,3,0.514,1,-1.7467,0
2019/10/17,sh.600004,22.6,22.66,22.29,22.44,22.5,7155467,160750692,3,0.3458,1,-0.2667,0
2019/10/18,sh.600004,22.45,22.71,21.9,21.94,22.44,11159528,247378640,3,0.5393,1,-2.2282,0
2019/10/21,sh.600004,22,22.22,21.51,21.7,21.94,10217795,221946381,3,0.4938,1,-1.0939,0
2019/10/22,sh.600004,21.76,21.83,21.24,21.57,21.7,13405082,287964697,3,0.6478,1,-0.5991,0
2019/10/23,sh.600004,21.65,22.05,21,21.23,21.57,11980175,257737247,3,0.5789,1,-1.5763,0
2019/10/24,sh.600004,21.32,21.38,20.75,20.97,21.23,17035409,357130175,3,0.8232,1,-1.2247,0
2019/10/25,sh.600004,21.07,21.23,20.7,21.06,20.97,13155778,276754401,3,0.6358,1,0.4292,0
2019/10/28,sh.600004,21.38,21.53,20.92,21,21.06,10954165,231388591,3,0.5294,1,-0.2849,0
2019/10/29,sh.600004,20.1,20.1,18.9,18.9,21,27932903,532368240,3,1.3499,1,-10,0
2019/10/30,sh.600004,18.2,18.79,18.2,18.5,18.9,43806542,808141253,3,2.117,1,-2.1164,0
2019/10/31,sh.600004,18.51,18.58,17.42,18.3,18.5,61123243,1093193807,3,2.9538,1,-1.0811,0
2019/11/1,sh.600004,18.02,18.16,17.71,18.11,18.3,40800811,731322256,3,1.9717,1,-1.0382,0
2019/11/4,sh.600004,18.01,18.85,17.96,18.58,18.11,39444859,732041333,3,1.9062,1,2.5952,0
2019/11/5,sh.600004,18.74,18.78,18.16,18.48,18.58,34697992,640543661,3,1.6768,1,-0.5382,0
2019/11/6,sh.600004,18.51,18.51,17.88,18.11,18.48,24175071,437419344,3,1.1683,1,-2.0022,0
2019/11/7,sh.600004,18.13,18.17,17.89,18.13,18.11,17067530,307676449,3,0.8248,1,0.1104,0
2019/11/8,sh.600004,18.15,18.4,17.98,18.11,18.13,16083562,292120394,3,0.7772,1,-0.1103,0
2019/11/11,sh.600004,17.87,18,17.28,17.3,18.11,25666002,451216712,3,1.2403,1,-4.4727,0
2019/11/12,sh.600004,17.37,17.54,17.19,17.35,17.3,15114512,262281470,3,0.7304,1,0.289,0
2019/11/13,sh.600004,17.39,17.65,17.12,17.28,17.35,15276901,264391130,3,0.7383,1,-0.4035,0
2019/11/14,sh.600004,17.36,17.47,17.16,17.31,17.28,20650701,358295795,3,0.9979,1,0.1736,0
2019/11/15,sh.600004,17.33,17.49,17.25,17.32,17.31,11655111,202440679,3,0.5632,1,0.0578,0
2019/11/18,sh.600004,17.28,17.8,17.15,17.67,17.32,20641127,362912322,3,0.9975,1,2.0208,0
2019/11/19,sh.600004,17.72,17.73,17.46,17.63,17.67,16071972,283577926,3,0.7767,1,-0.2264,0
2019/11/20,sh.600004,17.63,18,17.47,17.56,17.63,17344534,307209544,3,0.8382,1,-0.397,0
2019/11/21,sh.600004,17.49,17.5,17.01,17.11,17.56,18618440,319662950,3,0.8997,1,-2.5626,0
2019/11/22,sh.600004,17.12,17.23,16.55,16.71,17.11,19955213,336707862,3,0.9643,1,-2.3378,0
2019/11/25,sh.600004,16.66,16.84,16.34,16.43,16.71,19421666,321070353,3,0.9386,1,-1.6756,0
2019/11/26,sh.600004,16.46,16.83,16.2,16.44,16.43,34124125,563805365,3,1.649,1,0.0609,0
2019/11/27,sh.600004,16.46,16.82,16.38,16.75,16.44,21079231,351062282,3,1.0187,1,1.8856,0
2019/11/28,sh.600004,17.17,17.56,17.01,17.26,16.75,32866106,567149150,3,1.5883,1,3.0448,0
2019/11/29,sh.600004,17.33,17.38,16.54,16.7,17.26,21781701,366941282,3,1.0526,1,-3.2445,0
2019/12/2,sh.600004,16.73,17.16,16.67,16.81,16.7,15640314,263939669,3,0.7558,1,0.6587,0
2019/12/3,sh.600004,16.81,17.1,16.57,17.07,16.81,12435146,208915520,3,0.6009,1,1.5467,0
2019/12/4,sh.600004,17,17.14,16.92,17.08,17.07,11193274,190795211,3,0.5409,1,0.0586,0
2019/12/5,sh.600004,17.2,17.71,17.11,17.6,17.08,23472321,410087706,3,1.1343,1,3.0445,0
2019/12/6,sh.600004,17.7,17.92,17.45,17.81,17.6,14180777,251290221,3,0.6853,1,1.1932,0
2019/12/9,sh.600004,17.81,17.93,17.46,17.58,17.81,10541458,186037436,3,0.5094,1,-1.2914,0
2019/12/10,sh.600004,17.5,17.6,17.31,17.38,17.58,11203387,194800929,3,0.5414,1,-1.1377,0
2019/12/11,sh.600004,17.44,17.65,17.32,17.6,17.38,9173678,160229175,3,0.4433,1,1.2658,0
2019/12/12,sh.600004,17.59,17.61,17.26,17.28,17.6,9235747,160331294,3,0.4463,1,-1.8182,0
2019/12/13,sh.600004,17.45,17.48,17.32,17.45,17.28,15556430,270768581,3,0.7518,1,0.9838,0
2019/12/16,sh.600004,17.5,18.18,17.43,18.04,17.45,28601175,509157878,3,1.3822,1,3.3811,0
2019/12/17,sh.600004,18.09,18.37,17.84,18.28,18.04,19414753,353039353,3,0.9382,1,1.3304,0
2019/12/18,sh.600004,18.2,18.39,18.06,18.07,18.28,11053482,201311530,3,0.5342,1,-1.1488,0
2019/12/19,sh.600004,18.01,18.33,18,18.15,18.07,7982765,145164838,3,0.3858,1,0.4427,0
2019/12/20,sh.600004,18.2,18.22,17.89,18.13,18.15,8548440,154357490,3,0.4131,1,-0.1102,0
2019/12/23,sh.600004,18.05,18.05,17.68,17.75,18.13,12052936,215219322,3,0.5825,1,-2.096,0
2019/12/24,sh.600004,17.74,17.77,17.51,17.77,17.75,7163237,126221457,3,0.3462,1,0.1127,0
2019/12/25,sh.600004,17.72,17.76,17.58,17.66,17.77,6108911,107776699,3,0.2952,1,-0.619,0
2019/12/26,sh.600004,17.65,17.81,17.6,17.75,17.66,6965681,123205240,3,0.3366,1,0.5096,0
2019/12/27,sh.600004,17.77,17.85,17.5,17.63,17.75,11884928,209959920,3,0.5743,1,-0.6761,0
2019/12/30,sh.600004,17.41,17.79,17.18,17.79,17.63,13506035,236541161,3,0.6527,1,0.9076,0
2019/12/31,sh.600004,17.77,17.92,17.41,17.45,17.79,16125231,283534549,3,0.7793,1,-1.9112,0
2020/1/2,sh.600004,17.56,17.62,17.4,17.52,17.45,17792404,311394028,3,0.8598,1,0.4011,0
2020/1/3,sh.600004,17.61,17.62,17.31,17.38,17.52,16314649,284126626,3,0.7884,1,-0.7991,0
2020/1/6,sh.600004,17.24,17.24,16.95,17.08,17.38,21455327,366006757,3,1.0368,1,-1.7261,0
2020/1/7,sh.600004,17.06,17.29,16.9,17.26,17.08,16800760,287242100,3,0.8119,1,1.0539,0
2020/1/8,sh.600004,17.21,17.33,16.95,17.09,17.26,16681509,284963344,3,0.8061,1,-0.9849,0
2020/1/9,sh.600004,17.17,17.34,17,17.18,17.09,13289255,228140223,3,0.6422,1,0.5266,0
2020/1/10,sh.600004,17.25,17.91,17.09,17.85,17.18,28620381,502746203,3,1.3831,1,3.8999,0
2020/1/13,sh.600004,17.82,18.3,17.7,18.1,17.85,27538492,498436468,3,1.3308,1,1.4006,0
2020/1/14,sh.600004,18.1,18.18,17.72,17.82,18.1,15483288,276828326,3,0.7482,1,-1.547,0
2020/1/15,sh.600004,17.8,17.94,17.64,17.79,17.82,10198978,181021968,3,0.4929,1,-0.1683,0
2020/1/16,sh.600004,17.79,17.84,17.6,17.64,17.79,8889679,157448363,3,0.4296,1,-0.8432,0
2020/1/17,sh.600004,17.64,17.8,17.61,17.65,17.64,8847922,156431858,3,0.4276,1,0.0567,0
2020/1/20,sh.600004,17.6,17.65,16.73,17.08,17.65,30944308,525831530,3,1.4954,1,-3.2295,0
2020/1/21,sh.600004,16.79,16.97,16.65,16.78,17.08,22047146,370416611,3,1.0654,1,-1.7564,0
2020/1/22,sh.600004,16.67,16.9,16.59,16.69,16.78,12879071,215292873,3,0.6224,1,-0.5364,0
2020/1/23,sh.600004,16.5,16.5,15.05,15.34,16.69,43961567,690745231,3,2.1244,1,-8.0887,0
2020/2/3,sh.600004,13.81,14.6,13.81,14.4,15.34,58974626,827006876,3,2.85,1,-6.1278,0
2020/2/4,sh.600004,14.35,15.36,14.25,15.25,14.4,33035754,496923644,3,1.5965,1,5.9028,0
2020/2/5,sh.600004,15.25,15.66,15.11,15.33,15.25,21091787,324625275,3,1.0193,1,0.5246,0
2020/2/6,sh.600004,15.3,15.48,15.13,15.39,15.33,12835665,197032161,3,0.6203,1,0.3914,0
2020/2/7,sh.600004,15.39,15.61,15.2,15.58,15.39,10382232,159265985,3,0.5017,1,1.2346,0
2020/2/10,sh.600004,15.49,16.15,15.38,16,15.58,16954462,269599996,3,0.8193,1,2.6958,0
2020/2/11,sh.600004,16,16.2,15.83,15.97,16,8191794,131025838,3,0.3959,1,-0.1875,0
2020/2/12,sh.600004,15.85,16.11,15.81,15.99,15.97,9055254,144679210,3,0.4376,1,0.1252,0
2020/2/13,sh.600004,16,16.06,15.6,15.7,15.99,9914291,156528970,3,0.4791,1,-1.8136,0
2020/2/14,sh.600004,15.7,15.81,15.6,15.81,15.7,5995797,94128033,3,0.2897,1,0.7006,0
2020/2/17,sh.600004,15.84,16,15.75,16,15.81,11843599,188832533,3,0.5723,1,1.2018,0
2020/2/18,sh.600004,16,16.05,15.76,15.88,16,11035403,175062615,3,0.5333,1,-0.75,0
2020/2/19,sh.600004,15.84,16.04,15.73,15.84,15.88,10430481,165694129,3,0.5041,1,-0.2519,0
2020/2/20,sh.600004,15.88,17.25,15.86,17.01,15.84,34459201,577358745,3,1.6652,1,7.3864,0
2020/2/21,sh.600004,17.05,17.28,16.75,17.09,17.01,18380258,313442878,3,0.8882,1,0.4703,0
2020/2/24,sh.600004,16.84,16.99,16.25,16.32,17.09,26544066,435986222,3,1.2827,1,-4.5056,0
2020/2/25,sh.600004,15.94,16.15,15.63,15.83,16.32,19639180,311364489,3,0.9491,1,-3.0024,0
2020/2/26,sh.600004,15.6,16.08,15.25,15.86,15.83,22218918,347681830,3,1.0737,1,0.1895,0
2020/2/27,sh.600004,15.8,15.9,15.51,15.73,15.86,12301383,193215572,3,0.5945,1,-0.8197,0
2020/2/28,sh.600004,15.35,15.51,15.11,15.48,15.73,14192982,217005296,3,0.6859,1,-1.5893,0
2020/3/2,sh.600004,15.38,15.94,15.33,15.82,15.48,13072919,205121195,3,0.6317,1,2.1964,0
2020/3/3,sh.600004,15.85,16.28,15.85,16.07,15.82,11643731,186868075,3,0.5627,1,1.5803,0
2020/3/4,sh.600004,15.94,16.4,15.83,16.3,16.07,12391656,200544695,3,0.5988,1,1.4312,0
2020/3/5,sh.600004,16.39,16.93,16.22,16.78,16.3,20661394,343467715,3,0.9985,1,2.9448,0
2020/3/6,sh.600004,16.58,16.75,16.16,16.29,16.78,14021115,230286746,3,0.6776,1,-2.9201,0
2020/3/9,sh.600004,15.94,15.94,15.43,15.5,16.29,16295859,254915927,3,0.7875,1,-4.8496,0
2020/3/10,sh.600004,15.29,15.89,15.29,15.78,15.5,14796100,231197455,3,0.715,1,1.8064,0
2020/3/11,sh.600004,15.8,16.02,15.56,15.61,15.78,10348510,162953229,3,0.5001,1,-1.0773,0
2020/3/12,sh.600004,15.45,15.46,14.93,14.97,15.61,19111723,287549235,3,0.9236,1,-4.0999,0
2020/3/13,sh.600004,14.28,14.78,14.25,14.5,14.97,18418795,266464995,3,0.8901,1,-3.1396,0
2020/3/16,sh.600004,14.51,14.6,13.33,13.47,14.5,24436858,341267366,3,1.1809,1,-7.1034,0
2020/3/17,sh.600004,13.36,14.11,12.72,13.21,13.47,22078435,290112520,3,1.0669,1,-1.9302,0
2020/3/18,sh.600004,13.18,13.75,13.13,13.22,13.21,19652423,263421111,3,0.9497,1,0.0757,0
2020/3/19,sh.600004,13.13,13.38,12.7,12.9,13.22,13791906,178466707,3,0.6665,1,-2.4206,0
2020/3/20,sh.600004,13.01,13.35,12.99,13.3,12.9,9689808,127814773,3,0.4683,1,3.1008,0
2020/3/23,sh.600004,13,13.05,12.51,12.71,13.3,11621050,148899719,3,0.5616,1,-4.4361,0
2020/3/24,sh.600004,12.93,13.38,12.87,13.32,12.71,10743888,140834073,3,0.5192,1,4.7994,0
2020/3/25,sh.600004,13.7,13.83,13.55,13.79,13.32,11888937,163148627,3,0.5745,1,3.5285,0
2020/3/26,sh.600004,13.78,13.9,13.49,13.55,13.79,10560687,144582965,3,0.5103,1,-1.7404,0
2020/3/27,sh.600004,13.66,13.69,13.17,13.23,13.55,8671821,116375130,3,0.4191,1,-2.3616,0
2020/3/30,sh.600004,13.03,13.11,12.59,12.61,13.23,14031524,178569477,3,0.6781,1,-4.6863,0
2020/3/31,sh.600004,12.77,12.84,12.5,12.55,12.61,11476138,144764713,3,0.5546,1,-0.4758,0
2020/4/1,sh.600004,12.52,12.81,12.45,12.45,12.55,8374113,105467835,3,0.4047,1,-0.7968,0
2020/4/2,sh.600004,12.46,12.67,12.27,12.65,12.45,10831020,135201992,3,0.5234,1,1.6064,0
2020/4/3,sh.600004,12.56,13.15,12.55,13,12.65,18910836,244066183,3,0.9139,1,2.7668,0
2020/4/7,sh.600004,13.18,13.24,12.97,13.05,13,10419084,136224487,3,0.5035,1,0.3846,0
2020/4/8,sh.600004,12.9,13.31,12.7,13.2,13.05,11996200,156713747,3,0.5797,1,1.1494,0
2020/4/9,sh.600004,13.24,13.81,13.24,13.61,13.2,12333394,168033595,3,0.596,1,3.1061,0
2020/4/10,sh.600004,13.66,13.75,13.32,13.41,13.61,6536758,88486388,3,0.3159,1,-1.4695,0
2020/4/13,sh.600004,13.39,13.51,13.21,13.44,13.41,6081568,81341521,3,0.2939,1,0.2237,0
2020/4/14,sh.600004,13.44,13.66,13.4,13.6,13.44,6492424,87875130,3,0.3137,1,1.1905,0
2020/4/15,sh.600004,13.65,13.77,13.36,13.37,13.6,7112680,96229851,3,0.3437,1,-1.6912,0
2020/4/16,sh.600004,13.31,13.57,13.24,13.54,13.37,7357770,98702058,3,0.3556,1,1.2715,0
2020/4/17,sh.600004,13.71,14.5,13.71,14.19,13.54,21754684,309440862,3,1.0513,1,4.8006,0
2020/4/20,sh.600004,14.27,14.66,14.05,14.55,14.19,12215311,176586435,3,0.5903,1,2.537,0
2020/4/21,sh.600004,14.54,14.65,14.34,14.5,14.55,11431329,165559182,3,0.5524,1,-0.3436,0
2020/4/22,sh.600004,14.36,14.71,14.27,14.63,14.5,8905095,129617154,3,0.4303,1,0.8966,0
2020/4/23,sh.600004,14.55,15.1,14.53,14.99,14.63,13752942,205205679,3,0.6646,1,2.4607,0
2020/4/24,sh.600004,14.9,14.9,14.14,14.36,14.99,13887216,200846525,3,0.6711,1,-4.2028,0
2020/4/27,sh.600004,14.25,14.4,14,14.05,14.36,9398487,133332526,3,0.4542,1,-2.1588,0
2020/4/28,sh.600004,15,15.46,14.32,15.46,14.05,52774426,802532776,3,2.5503,1,10.0356,0
2020/4/29,sh.600004,15.8,16,15.51,15.75,15.46,29067674,457731134,3,1.4047,1,1.8758,0
2020/4/30,sh.600004,15.75,16.06,15.51,15.8,15.75,18279808,288294656,3,0.8834,1,0.3175,0
2020/5/6,sh.600004,15.47,15.65,14.74,14.99,15.8,34968685,525140368,3,1.6899,1,-5.1266,0
2020/5/7,sh.600004,14.83,14.9,14,14.03,14.99,45488493,651049655,3,2.1982,1,-6.4043,0
2020/5/8,sh.600004,14.15,14.25,13.94,14.18,14.03,32412264,456642460,3,1.5663,1,1.0691,0
2020/5/11,sh.600004,14.18,14.27,13.84,13.98,14.18,27960775,392869912,3,1.3512,1,-1.4104,0
2020/5/12,sh.600004,13.91,14.19,13.77,14.08,13.98,19642812,274728270,3,0.9492,1,0.7153,0
2020/5/13,sh.600004,14,14.02,13.82,13.98,14.08,17511237,243762307,3,0.8462,1,-0.7102,0
2020/5/14,sh.600004,13.91,13.92,13.63,13.67,13.98,22168212,304928499,3,1.0713,1,-2.2174,0
2020/5/15,sh.600004,13.68,13.82,13.66,13.7,13.67,12346393,169654992,3,0.5966,1,0.2195,0
2020/5/18,sh.600004,13.7,14.19,13.52,14.17,13.7,26219836,366143307,3,1.2671,1,3.4307,0
2020/5/19,sh.600004,14.3,15.27,14.3,15.17,14.17,54895085,818762403,3,2.6528,1,7.0572,0
2020/5/20,sh.600004,15.19,15.35,14.89,15.19,15.17,29229032,443015741,3,1.4125,1,0.1318,0
2020/5/21,sh.600004,15.24,15.46,14.9,14.94,15.19,18510931,279764710,3,0.8945,1,-1.6458,0
2020/5/22,sh.600004,14.97,15.06,14.68,14.89,14.94,16929538,252110525,3,0.8181,1,-0.3347,0
2020/5/25,sh.600004,14.87,15.22,14.55,15.18,14.89,16395798,245121665,3,0.7923,1,1.9476,0
2020/5/26,sh.600004,15.2,15.54,15.14,15.44,15.18,18432035,283783934,3,0.8907,1,1.7128,0
2020/5/27,sh.600004,15.62,15.76,14.95,15.01,15.44,12331135,187987652,3,0.5959,1,-2.785,0
2020/5/28,sh.600004,15.28,15.65,15.08,15.6,15.01,19499589,300085708,3,0.9423,1,3.9307,0
2020/5/29,sh.600004,15.45,16.59,15.42,16.35,15.6,27333112,444265436,3,1.3209,1,4.8077,0
2020/6/1,sh.600004,16.44,17.13,16.11,17,16.35,23632803,396849331,3,1.1421,1,3.9755,0
2020/6/2,sh.600004,17,17.42,16.76,16.91,17,21836015,371726999,3,1.0552,1,-0.5294,0
2020/6/3,sh.600004,16.9,17.03,16.61,16.7,16.91,15362575,257807638,3,0.7424,1,-1.2419,0
2020/6/4,sh.600004,16.65,16.65,16,16.34,16.7,25111397,408961368,3,1.2135,1,-2.1557,0
2020/6/5,sh.600004,16.32,16.9,16.28,16.7,16.34,16781670,279171427,3,0.811,1,2.2032,0
2020/6/8,sh.600004,16.77,16.9,16.2,16.31,16.7,17544048,288202645,3,0.8478,1,-2.3353,0
2020/6/9,sh.600004,16.37,16.64,16.23,16.44,16.31,12063901,198603304,3,0.583,1,0.7971,0
2020/6/10,sh.600004,16.37,16.5,16.1,16.31,16.44,8605807,140484737,3,0.4159,1,-0.7908,0
2020/6/11,sh.600004,16.25,16.4,15.92,16.02,16.31,10577686,170719011,3,0.5112,1,-1.778,0
2020/6/12,sh.600004,15.7,16.02,15.55,16.02,16.02,11886621,188137532,3,0.5744,1,0,0
2020/6/15,sh.600004,15.8,15.88,15.2,15.21,16.02,20681503,318364560,3,0.9994,1,-5.0562,0
2020/6/16,sh.600004,15.4,16.17,15.38,15.63,15.21,12962572,202993810,3,0.6264,1,2.7613,0
2020/6/17,sh.600004,15.51,15.84,15.39,15.65,15.63,12656684,197695462,3,0.6116,1,0.128,0
2020/6/18,sh.600004,15.6,15.99,15.55,15.71,15.65,11025603,174082054,3,0.5328,1,0.3834,0
2020/6/19,sh.600004,15.69,15.91,15.51,15.82,15.71,13283625,209895602,3,0.6419,1,0.7002,0
2020/6/22,sh.600004,15.8,15.84,15.3,15.35,15.82,17513261,269670504,3,0.8463,1,-2.9709,0
2020/6/23,sh.600004,15.35,15.35,15.07,15.32,15.35,15988818,243172986,3,0.7727,1,-0.1954,0
2020/6/24,sh.600004,15.32,15.51,15.1,15.33,15.32,17481442,266883682,3,0.8448,1,0.0653,0
2020/6/29,sh.600004,15.19,15.24,15.02,15.09,15.33,12955221,195533054,3,0.6261,1,-1.5656,0
2020/6/30,sh.600004,15.22,15.49,15.1,15.24,15.09,12797698,195791583,3,0.6184,1,0.994,0
2020/7/1,sh.600004,15.3,15.5,15.13,15.41,15.24,15588332,238803064,3,0.7533,1,1.1155,0
2020/7/2,sh.600004,15.4,15.89,15.22,15.87,15.41,38659110,601433382,3,1.8682,1,2.9851,0
2020/7/3,sh.600004,15.9,15.94,15.45,15.62,15.87,34225240,532664412,3,1.6539,1,-1.5753,0
2020/7/6,sh.600004,15.63,16.42,15.51,16.36,15.62,50841825,813257353,3,2.4569,1,4.7375,0
2020/7/7,sh.600004,16.48,16.77,16.03,16.1,16.36,49317581,804657182,3,2.3833,1,-1.5892,0
2020/7/8,sh.600004,16.04,16.09,15.75,16.03,16.1,36759657,585314440,3,1.7764,1,-0.4348,0
2020/7/9,sh.600004,16.04,16.28,15.92,16.16,16.03,40221681,648457331,3,1.9437,1,0.811,0
2020/7/10,sh.600004,16.14,16.68,15.8,16.57,16.16,53146014,864140430,3,2.5683,1,2.5371,0
2020/7/13,sh.600004,16.48,16.63,16.11,16.41,16.57,41286807,674533167,3,1.9952,1,-0.9656,0
2020/7/14,sh.600004,16.3,16.36,15.89,16,16.41,27876071,448221180,3,1.3471,1,-2.4985,0
2020/7/15,sh.600004,16.17,16.5,15.96,16.05,16,41498119,676426759,3,2.0054,1,0.3125,0
2020/7/16,sh.600004,16.22,16.23,14.9,15.05,16.05,36440261,568359183,3,1.761,1,-6.2305,0
2020/7/17,sh.600004,15.18,15.3,14.6,14.84,15.05,29198048,437163029,3,1.411,1,-1.3953,0
2020/7/20,sh.600004,14.87,15.09,14.56,15.02,14.84,34608337,514717166,3,1.6724,1,1.2129,0
2020/7/21,sh.600004,15.04,15.15,14.83,14.91,15.02,19606033,293288170.3,3,0.9475,1,-0.7324,0
2020/7/22,sh.600004,14.99,15.25,14.86,14.93,14.91,27715298,416803420.2,3,1.3393,1,0.1341,0
2020/7/23,sh.600004,14.87,14.87,14.2,14.59,14.93,37599193,544420575.6,3,1.817,1,-2.2773,0
2020/7/24,sh.600004,14.46,14.78,14.09,14.19,14.59,28148107,406929226,3,1.3603,1,-2.7416,0
2020/7/27,sh.600004,14.19,14.31,13.85,13.94,14.19,18843535,264081282.7,3,0.9106,1,-1.7618,0
2020/7/28,sh.600004,14.06,14.13,13.74,13.82,13.94,21597520,300170178.6,3,1.0437,1,-0.8608,0
2020/7/29,sh.600004,13.82,14.39,13.68,14.33,13.82,25570898,360487502.7,3,1.2357,1,3.6903,0
2020/7/30,sh.600004,14.41,14.41,13.95,14.04,14.33,23062656,325130573.4,3,1.1145,1,-2.0237,0
2020/7/31,sh.600004,14.05,14.4,14,14.2,14.04,20450976,290724094.7,3,0.9883,1,1.1396,0
2020/8/3,sh.600004,14.26,14.35,14.1,14.25,14.2,35572704,504421769.5,3,1.7191,1,0.3521,0
2020/8/4,sh.600004,14.16,14.27,14.01,14.14,14.11,27526161,388893832.3,3,1.3302,1,0.2126,0
2020/8/5,sh.600004,14.09,14.14,13.85,14.03,14.14,18872351,264294536.1,3,0.912,1,-0.7779,0
2020/8/6,sh.600004,14,14.12,13.85,13.97,14.03,15897700,221849451.5,3,0.7683,1,-0.4277,0
2020/8/7,sh.600004,14,14.27,13.93,14.12,13.97,21778311,307352877.5,3,1.0524,1,1.0737,0
2020/8/10,sh.600004,14.15,14.4,14,14.37,14.12,22561034,321521598.6,3,1.0903,1,1.7705,0
2020/8/11,sh.600004,14.37,14.7,14.25,14.35,14.37,25487589,370358109.7,3,1.2317,1,-0.1392,0
2020/8/12,sh.600004,14.39,14.9,14.36,14.79,14.35,44705614,657693023.4,3,2.1604,1,3.0662,0
2020/8/13,sh.600004,14.85,14.9,14.33,14.43,14.79,33592114,489756665.3,3,1.6233,1,-2.4341,0
2020/8/14,sh.600004,14.41,15.07,14.21,15.04,14.43,38047995,561482572.5,3,1.8387,1,4.2273,0
2020/8/17,sh.600004,15.14,15.19,14.83,15.03,15.04,29918915,448145367.4,3,1.4458,1,-0.0665,0
2020/8/18,sh.600004,15.04,15.38,14.86,15.1,15.03,26890340,404894036.7,3,1.2995,1,0.4657,0
2020/8/19,sh.600004,15.08,15.85,14.92,15.46,15.1,52645556,815983949.9,3,2.5441,1,2.3841,0
2020/8/20,sh.600004,15.37,15.56,14.95,15.04,15.46,25586892,389682517.4,3,1.2365,1,-2.7167,0
2020/8/21,sh.600004,15.2,15.54,14.98,15.36,15.04,22385203,342496304.6,3,1.0818,1,2.1277,0
2020/8/24,sh.600004,15.47,15.8,15.3,15.65,15.36,22322331,347574303.4,3,1.0787,1,1.888,0
2020/8/25,sh.600004,15.59,15.67,15.15,15.42,15.65,17556123,270440735,3,0.8484,1,-1.4696,0
2020/8/26,sh.600004,15.42,15.64,15.13,15.27,15.42,17023970,261893448,3,0.8227,1,-0.9728,0
2020/8/27,sh.600004,15.27,15.28,14.82,14.9,15.27,16201429,242274918,3,0.7829,1,-2.4231,0
2020/8/28,sh.600004,14.97,15.2,14.81,15.19,14.9,17099477,257283936.1,3,0.8263,1,1.9463,0
2020/8/31,sh.600004,15.15,15.36,15,15.22,15.19,21780388,330484652.7,3,1.0525,1,0.1975,0
2020/9/1,sh.600004,15.22,15.23,14.87,14.98,15.22,19315960,289178113.1,3,0.9334,1,-1.5769,0
